{
  "rf_baseline": {
    "train_accuracy": 1.0,
    "test_accuracy": 0.5529411764705883,
    "test_precision": 0.6052631578947368,
    "test_recall": 0.5,
    "test_f1": 0.5476190476190477,
    "test_roc_auc": 0.6265328874024526,
    "oob_score": 0.7002967359050445,
    "n_estimators": 100
  },
  "rf_tuned": {
    "train_accuracy": 0.7893175074183977,
    "test_accuracy": 0.7411764705882353,
    "test_precision": 0.8,
    "test_recall": 0.6956521739130435,
    "test_f1": 0.7441860465116279,
    "test_roc_auc": 0.7870680044593088,
    "oob_score": 0.7270029673590505,
    "best_params": {
      "n_estimators": 100,
      "min_samples_split": 20,
      "min_samples_leaf": 20,
      "max_features": 0.5,
      "max_depth": 6
    },
    "cv_f1_score": 0.7710150813440146
  },
  "improvement_over_baseline": {
    "accuracy": 0.17647058823529416,
    "f1": 0.1507794531050345,
    "roc_auc": 0.19397993311036787,
    "accuracy_pct": 31.25000000000001,
    "f1_pct": 25.40913006029285,
    "roc_auc_pct": 32.70676691729323
  },
  "improvement_over_decision_tree": {
    "accuracy": 0.16470588235294126,
    "f1": 0.1271647699158832,
    "roc_auc": 0.1546822742474916,
    "accuracy_pct": 28.57142857142859,
    "f1_pct": 20.60946271050521,
    "roc_auc_pct": 24.460114587924185
  },
  "ensemble_size_analysis": [
    {
      "n_estimators": 10,
      "train_time": 0.021065950393676758,
      "inference_time_ms": 0.15038013458251953,
      "oob_score": 0.6439169139465876,
      "train_acc": 0.973293768545994,
      "test_acc": 0.5294117647058824,
      "test_f1": 0.5833333333333334,
      "test_roc_auc": 0.5309364548494984,
      "overfit_gap": 0.44388200384011167
    },
    {
      "n_estimators": 25,
      "train_time": 0.03950190544128418,
      "inference_time_ms": 0.14818906784057617,
      "oob_score": 0.7002967359050445,
      "train_acc": 1.0,
      "test_acc": 0.5176470588235295,
      "test_f1": 0.5773195876288659,
      "test_roc_auc": 0.5894648829431438,
      "overfit_gap": 0.48235294117647054
    },
    {
      "n_estimators": 50,
      "train_time": 0.06052803993225098,
      "inference_time_ms": 0.14172792434692383,
      "oob_score": 0.7062314540059347,
      "train_acc": 1.0,
      "test_acc": 0.5411764705882353,
      "test_f1": 0.5979381443298969,
      "test_roc_auc": 0.5930880713489409,
      "overfit_gap": 0.45882352941176474
    },
    {
      "n_estimators": 100,
      "train_time": 0.10526084899902344,
      "inference_time_ms": 0.13618946075439453,
      "oob_score": 0.7002967359050445,
      "train_acc": 1.0,
      "test_acc": 0.5529411764705883,
      "test_f1": 0.5476190476190477,
      "test_roc_auc": 0.6265328874024526,
      "overfit_gap": 0.44705882352941173
    },
    {
      "n_estimators": 150,
      "train_time": 0.18552207946777344,
      "inference_time_ms": 0.1641392707824707,
      "oob_score": 0.7151335311572701,
      "train_acc": 1.0,
      "test_acc": 0.611764705882353,
      "test_f1": 0.611764705882353,
      "test_roc_auc": 0.6279264214046822,
      "overfit_gap": 0.388235294117647
    },
    {
      "n_estimators": 200,
      "train_time": 0.2653651237487793,
      "inference_time_ms": 0.15022993087768555,
      "oob_score": 0.7062314540059347,
      "train_acc": 1.0,
      "test_acc": 0.5529411764705883,
      "test_f1": 0.5476190476190477,
      "test_roc_auc": 0.6139910813823858,
      "overfit_gap": 0.44705882352941173
    },
    {
      "n_estimators": 300,
      "train_time": 0.30875420570373535,
      "inference_time_ms": 0.2785491943359375,
      "oob_score": 0.7032640949554896,
      "train_acc": 1.0,
      "test_acc": 0.5764705882352941,
      "test_f1": 0.5909090909090909,
      "test_roc_auc": 0.5989409141583054,
      "overfit_gap": 0.42352941176470593
    },
    {
      "n_estimators": 500,
      "train_time": 0.485213041305542,
      "inference_time_ms": 0.4081916809082031,
      "oob_score": 0.7002967359050445,
      "train_acc": 1.0,
      "test_acc": 0.5764705882352941,
      "test_f1": 0.5813953488372093,
      "test_roc_auc": 0.6312709030100334,
      "overfit_gap": 0.42352941176470593
    }
  ]
}