{
  "n_states": 3,
  "state_labels": {
    "0": "Calm",
    "1": "Trending",
    "2": "Volatile"
  },
  "hmm_features": [
    "branching_ratio"
  ],
  "transition_matrix": [
    [
      0.06017852464219963,
      0.9398214751647187,
      1.9308169246654076e-10
    ],
    [
      0.9647274179743816,
      0.011662064456213312,
      0.023610517569405135
    ],
    [
      0.0005242180329834683,
      0.037658314290973265,
      0.9618174676760433
    ]
  ],
  "regime_durations": {
    "Calm": 1.064031867987789,
    "Trending": 1.0117996730033405,
    "Volatile": 26.18998634023478
  },
  "hawkes_threshold_p75": 0.05944932636450586,
  "hawkes_threshold_p50": 0.0003287594925984313,
  "hawkes_threshold_p25": 0.00013032935720118556,
  "state_distribution": {
    "0": 520,
    "1": 526,
    "2": 319
  },
  "training_log_likelihood": 3910.6102673001096,
  "converged": true
}